{
    "2d5ae478-87c7-45fa-acf9-f04aa4724421": {
        "_id": "2d5ae478-87c7-45fa-acf9-f04aa4724421",
        "title": "Avatar",
        "year": "2009",
        "rated": "PG-13",
        "released": "18 Dec 2009",
        "runtime": "162 min",
        "genre": "Action, Adventure, Fantasy",
        "director": "James Cameron",
        "writer": "James Cameron",
        "actors": "Sam Worthington, Zoe Saldana, Sigourney Weaver, Stephen Lang",
        "plot": "A paraplegic marine dispatched to the moon Pandora on a unique mission becomes torn between following his orders and protecting the world he feels is his home.",
        "language": "English, Spanish",
        "country": "USA, UK",
        "awards": "Won 3 Oscars. Another 80 wins & 121 nominations.",
        "poster": "http://ia.media-imdb.com/images/M/MV5BMTYwOTEwNjAzMl5BMl5BanBnXkFtZTcwODc5MTUwMw@@._V1_SX300.jpg",
        "metascore": "83",
        "imdbRating": "7.9",
        "imdbVotes": "890,617",
        "imdbID": "tt0499549",
        "type": "movie",
        "response": "True",
        "images": [
            "https://images-na.ssl-images-amazon.com/images/M/MV5BMjEyOTYyMzUxNl5BMl5BanBnXkFtZTcwNTg0MTUzNA@@._V1_SX1500_CR0,0,1500,999_AL_.jpg",
            "https://images-na.ssl-images-amazon.com/images/M/MV5BNzM2MDk3MTcyMV5BMl5BanBnXkFtZTcwNjg0MTUzNA@@._V1_SX1777_CR0,0,1777,999_AL_.jpg",
            "https://images-na.ssl-images-amazon.com/images/M/MV5BMTY2ODQ3NjMyMl5BMl5BanBnXkFtZTcwODg0MTUzNA@@._V1_SX1777_CR0,0,1777,999_AL_.jpg",
            "https://images-na.ssl-images-amazon.com/images/M/MV5BMTMxOTEwNDcxN15BMl5BanBnXkFtZTcwOTg0MTUzNA@@._V1_SX1777_CR0,0,1777,999_AL_.jpg",
            "https://images-na.ssl-images-amazon.com/images/M/MV5BMTYxMDg1Nzk1MV5BMl5BanBnXkFtZTcwMDk0MTUzNA@@._V1_SX1500_CR0,0,1500,999_AL_.jpg"
        ]
    },
    "6012c542-38e1-4660-ba40-1b109c40cb2f": {
        "_id": "6012c542-38e1-4660-ba40-1b109c40cb2f",
        "title": "The Avengers",
        "year": "2012",
        "rated": "PG-13",
        "released": "04 May 2012",
        "runtime": "143 min",
        "genre": "Action, Sci-Fi, Thriller",
        "director": "Joss Whedon",
        "writer": "Joss Whedon (screenplay), Zak Penn (story), Joss Whedon (story)",
        "actors": "Robert Downey Jr., Chris Evans, Mark Ruffalo, Chris Hemsworth",
        "plot": "Earth's mightiest heroes must come together and learn to fight as a team if they are to stop the mischievous Loki and his alien army from enslaving humanity.",
        "language": "English, Russian",
        "country": "USA",
        "awards": "Nominated for 1 Oscar. Another 34 wins & 75 nominations.",
        "poster": "http://ia.media-imdb.com/images/M/MV5BMTk2NTI1MTU4N15BMl5BanBnXkFtZTcwODg0OTY0Nw@@._V1_SX300.jpg",
        "metascore": "69",
        "imdbRating": "8.1",
        "imdbVotes": "1,003,301",
        "imdbID": "tt0848228",
        "type": "movie",
        "response": "True",
        "images": [
            "https://images-na.ssl-images-amazon.com/images/M/MV5BMTA0NjY0NzE4OTReQTJeQWpwZ15BbWU3MDczODg2Nzc@._V1_SX1777_CR0,0,1777,999_AL_.jpg",
            "https://images-na.ssl-images-amazon.com/images/M/MV5BMjE1MzEzMjcyM15BMl5BanBnXkFtZTcwNDM4ODY3Nw@@._V1_SX1777_CR0,0,1777,999_AL_.jpg",
            "https://images-na.ssl-images-amazon.com/images/M/MV5BMjMwMzM2MTg1M15BMl5BanBnXkFtZTcwNjM4ODY3Nw@@._V1_SX1777_CR0,0,1777,999_AL_.jpg",
            "https://images-na.ssl-images-amazon.com/images/M/MV5BMTQ4NzM2Mjc5MV5BMl5BanBnXkFtZTcwMTkwOTY3Nw@@._V1_SX1777_CR0,0,1777,999_AL_.jpg",
            "https://images-na.ssl-images-amazon.com/images/M/MV5BMTc3MzQ3NjA5N15BMl5BanBnXkFtZTcwMzY5OTY3Nw@@._V1_SX1777_CR0,0,1777,999_AL_.jpg"
        ]
    },
    "d749a819-1e41-4c65-9ce2-7b429c4ebd0d": {
        "_id": "d749a819-1e41-4c65-9ce2-7b429c4ebd0d",
        "title": "Rogue One: A Star Wars Story",
        "year": "2016",
        "rated": "N/A",
        "released": "16 Dec 2016",
        "runtime": "N/A",
        "genre": "Action, Adventure, Sci-Fi",
        "director": "Gareth Edwards",
        "writer": "Chris Weitz (screenplay), Tony Gilroy (screenplay), John Knoll (story), Gary Whitta (story), George Lucas (characters)",
        "actors": "Felicity Jones, Riz Ahmed, Mads Mikkelsen, Ben Mendelsohn",
        "plot": "The Rebellion makes a risky move to steal the plans to the Death Star, setting up the epic saga to follow.",
        "language": "English",
        "country": "USA",
        "awards": "1 nomination.",
        "poster": "https://images-na.ssl-images-amazon.com/images/M/MV5BMjQyMzI2OTA3OF5BMl5BanBnXkFtZTgwNDg5NjQ0OTE@._V1_SY1000_CR0,0,674,1000_AL_.jpg",
        "metascore": "N/A",
        "imdbRating": "N/A",
        "imdbVotes": "N/A",
        "imdbID": "tt3748528",
        "type": "movie",
        "response": "True",
        "images": [
            "https://images-na.ssl-images-amazon.com/images/M/MV5BMjE3MzA4Nzk3NV5BMl5BanBnXkFtZTgwNjAxMTc1ODE@._V1_SX1777_CR0,0,1777,744_AL_.jpg",
            "https://images-na.ssl-images-amazon.com/images/M/MV5BNDMxMTQzMjQxM15BMl5BanBnXkFtZTgwNzAxMTc1ODE@._V1_SX1777_CR0,0,1777,744_AL_.jpg",
            "https://images-na.ssl-images-amazon.com/images/M/MV5BMTUyNjkxOTk5NV5BMl5BanBnXkFtZTgwODAxMTc1ODE@._V1_SX1777_CR0,0,1777,744_AL_.jpg",
            "https://images-na.ssl-images-amazon.com/images/M/MV5BNjM4MzExNDAyNl5BMl5BanBnXkFtZTgwOTAxMTc1ODE@._V1_SX1777_CR0,0,1777,744_AL_.jpg",
            "https://images-na.ssl-images-amazon.com/images/M/MV5BMjE3NTgxMDcyNV5BMl5BanBnXkFtZTgwMDExMTc1ODE@._V1_SX1777_CR0,0,1777,744_AL_.jpg"
        ]
    }
}